artist_name,artist_count,country,,,,,,,,,
Bad Bunny,40,United States of America,,,,,,,,,
Taylor Swift,38,United States of America,,,,,,,,,
The Weeknd,37,Canada,,,,,,,,,
Kendrick Lamar,23,United States of America,,,,,,,,,
SZA,23,United States of America,,,,,,,,,
Feid,21,Colombia,,,,,,,,,
Drake,19,Canada,,,,,,,,,
Harry Styles,17,United Kingdom,,,,,,,,,
Peso Pluma,16,Mexico,,,,,,,,,
21 Savage,14,United States of America,,,,,,,,,
Ed Sheeran,14,United Kingdom,,,,,,,,,
Metro Boomin,14,United States of America,,,,,, ,,,
BTS,13,United States of America,,,,,,,,,
Morgan Wallen,13,Netherlands,,,,,,,,,
Quevedo,12,Spain,,,,,,,,,
Rauw Alejandro,12,United States of America,,,,,,,,,
Bizarrap,10,Argentina,,,,,,,,,
Doja Cat,10,United States of America,,,,,,,,,
Future,10,United States of America,,,,,,,,,
Karol G,10,Brazil,,,,,,,,,
Dua Lipa,9,United Kingdom,,,,,,,,,
Eminem,9,United States of America,,,,,,,,,
Labrinth,8,United Kingdom,,,,,,,,,
Grupo Frontera,7,Germany,,,,,,,,,
Junior H,7,United States of America,,,,,,,,,
Justin Bieber,7,Canada,,,,,,,,,
Olivia Rodrigo,7,Japan,,,,,,,,,
Post Malone,7,United States of America,,,,,,,,,
Billie Eilish,6,United States of America,,,,,,,,,
Bruno Mars,6,United States of America,,,,,,,,,
Calvin Harris,6,United States of America,,,,,,,,,
Fuerza Regida,6,United States of America,,,,,,,,,
Jimin,6,United Kingdom,,,,,,,,,
Kanye West,6,United States of America,,,,,,,,,
Lana Del Rey,6,United States of America,,,,,,,,,
Lil Baby,6,United States of America,,,,,,,,,
NewJeans,6,South Korea,,,,,,,,,
Nicki Minaj,6,United States of America,,,,,,,,,
Shakira,6,Colombia,,,,,,,,,
Travis Scott,6,United Kingdom,,,,,,,,,
"Tyler, the Creator",6,United States of America,,,,,,,,,
Anuel Aa,5,United States of America,,,,,,,,,
Coldplay,5,United Kingdom,,,,,,,,,
Don Toliver,5,United States of America,,,,,,,,,
Dr. Dre,5,United States of America,,,,,,,, ,
Duki,5,Argentina,,,,,,,,,
Halsey,5,United States of America,,,,,,,,,
Imagine Dragons,5,United States of America,,,,,,,,,
Jung Kook,5,South Korea,,,,,,,,,
Maria Becerra,5,Argentina,,,,,,,,,
Tiago pzk,5,Argentina,,,,,,,,,
Tini,5,Germany,,,,,,,,,
Adele,4,United Kingdom,,,,,,,,,
Arctic Monkeys,4,United Kingdom,,,,,,,,,
Ariana Grande,4,United States of America,,,,,,,,,
Arijit Singh,4,India,,,,,,,,,
Daddy Yankee,4,United States of America,,,,,,,,,
David Guetta,4,France,,,,,,,,,
Gunna,4,United States of America,,,,,,,,,
IVE,4,South Korea,,,,,,,,,
Ice Spice,4,United Kingdom,,,,,,,,,
J Balvin,4,Colombia,,,,,,,,,
Jack Harlow,4,United States of America,,,,,,,,,
Jhay Cortez,4,Puerto Rico,,,,,,,,,
Lauren Spencer Smith,4,Switzerland,,,,,,,,,
Lil Nas X,4,United States of America,,,,,,,,,
Marshmello,4,United States of America,,,,,,,,,
Mene,4,Mexico,,,,,,,,,
Mora,4,Puerto Rico,,,,,,,,,
Myke Towers,4,Germany,,,,,,,,,
Natanael Cano,4,Belgium,,,,,,,,,
Paulo Londra,4,Argentina,,,,,,,,,
ROSALIA,4,Spain,,,,,,,,,
Sech,4,Panama,,,,,,,,,
Shawn Mendes,4,Canada,,,,,,,,,
Young Thug,4,United States of America,,,,,,,,,
Ana Castela,3,Brazil,,,,,,,,,
Arcangel,3,United States of America,,,,,,,,,
BLACKPINK,3,South Korea,,,,,,,,,
Becky G,3,United States of America,,,,,,,,,
Beyonce,3,United States of America,,,,,,,,,
Camila Cabello,3,United States of America,,,,,,,,,
Central Cee,3,Russia,,,,,,,,,
Charlie Puth,3,United States of America,,,,,,,,,
Chencho Corleone,3,Italy,,,,,,,,,
Chris Brown,3,Australia,,,,,,,,,
Coi Leray,3,United States of America,,,,,,,,,
Cris Mj,3,Chile,,,,,,,,,
De La Ghetto,3,United States of America,,,,,,,,,
ENHYPEN,3,South Korea,,,,,,,,,
Elton John,3,United Kingdom,,,,,,,,,
J. Cole,3,United States of America,,,,,,,,,
JVKE,3,United States of America,,,,,,,,,
Joji,3,Japan,,,,,,,,,
Juice WRLD,3,Australia,,,,,,,,,
Kali Uchis,3,Colombia,,,,,,,,,
Kodak Black,3,United States of America,,,,,,,,,
LE SSERAFIM,3,South Korea,,,,,,,,,
Lady Gaga,3,United States of America,,,,,,,,,
Lewis Capaldi,3,United Kingdom,,,,,,,,,
Lil Durk,3,United States of America,,,,,,,,,
Lil Uzi Vert,3,United States of America,,,,,,,,,
Lizzo,3,United States of America,,,,,,,,,
Manuel Turizo,3,United States of America,,,,,,,,,
Marilia Mendonca,3,Brazil,,,,,,,,,
Oliver Tree,3,United Kingdom,,,,,,,,,
Ozuna,3,Japan,,,,,,,,,
Pailita,3,Spain,,,,,,,,,
Pharrell Williams,3,United States of America,,,,,,,,,
Polima WestCoast,3,Chile,,,,,,,,,
Ryan Castro,3,United States of America,,,,,,,,,
Sachin-Jigar,3,India,,,,,,,,,
Sam Smith,3,United Kingdom,,,,,,,,,
Sebastian Yatra,3,Colombia,,,,,,,,,
Snoop Dogg,3,United States of America,,,,,,,,,
Stephanie Beatriz,3,United Kingdom,,,,,,,,,
Steve Lacy,3,United States of America,,,,,,,,,
Swae Lee,3,United States of America,,,,,,,,,
Tainy,3,Puerto Rico,,,,,,,,,
The Kid Laroi,3,Sweden,,,,,,,,,
The Neighbourhood,3,United States of America,,,,,,,,,
Tiesto,3,Olanda,,,,,,,,,
Willow,3,United States of America,,,,,,,,,
XXXTENTACION,3,Sweden,,,,,,,,,
(G)I-DLE,2,South Korea,,,,,,,,,
070 Shake,2,United States of America,,,,,,,,,
Agust D,2,South Korea,,,,,,,,,
Amitabh Bhattacharya,2,United Kingdom,,,,,,,,,
Anderson .Paak,2,United States of America,,,,,,,,,
Anitta,2,Brazil,,,,,,,,,
Arcane,2,Japan,,,,,,,,,
Avicii,2,Sweden,,,,,,,,,
Baby Keem,2,Italy,,,,,,,,,
Big One,2,Argentina,,,,,,,,,
BoyWithUke,2,United States of America,,,,,,,,,
Britney Spears,2,United States of America,,,,,,,,,
Burna Boy,2,Nigeria,,,,,,,,,
Carin Leon,2,France,,,,,,,,,
Chino Pacas,2,Japan,,,,,,,,,
Ckay,2,Nigeria,,,,,,,,,
DJ Luian,2,United States of America,,,,,,,,,
Daft Punk,2,France,,,,,,,,,
Dave,2,United Kingdom,,,,,,,,,
David Kushner,2,United States of America,,,,,,,,,
Diane Guerrero,2,Australia,,,,,,,,,
Eden Munoz,2,United States of America,,,,,,,,,
Em Beihold,2,United States of America,,,,,,,,,
Encanto - Cast,2,United States of America,,,,,,,,,
FMK,2,Argentina,,,,,,,,,
Fifty Fifty,2,South Korea,,,,,,,,,
Frank Ocean,2,United States of America,,,,,,,,,
Frank Sinatra,2,United States of America,,,,,,,,,
Gabito Ballesteros,2,United States of America,,,,,,,,,
Gesaffelstein,2,France,,,,,,,,,
Giveon,2,United States of America,,,,,,,,,
Grupo Marca Registrada,2,United Kingdom,,,,,,,,,
Hotel Ugly,2,United States of America,,,,,,,,,
Israel & Rodolffo,2,Belgium,,,,,,,,,
JID,2,United States of America,,,,,,,,,
James Arthur,2,United Kingdom,,,,,,,,,
Jasiel Nunez,2,Mexico,,,,,,,,,
Jax Jones,2,United Kingdom,,,,,,,,,
Jhayco,2,United States of America,,,,,,,,,
John Legend,2,United States of America,,,,,,,,,
Justin Quiles,2,United States of America,,,,,,,,,
Kaliii,2,United States of America,,,,,,,,,
Khalid,2,United States of America,,,,,,,,,
Kumaar,2,India,,,,,,,,,
League of Legends,2,United States of America,,,,,,,,,
Lenny Tavarez,2,Puerto Rico,,,,,,,,,
Lil Wayne,2,United States of America,,,,,,,,,
Linkin Park,2,United States of America,,,,,,,,,
Lisa,2,Japan,,,,,,,,,
Lit Killah,2,Argentina,,,,,,,,,
Luciano,2,Chile,,,,,,,,,
Luis R Conriquez,2,France,,,,,,,,,
Mambo Kingz,2,United States of America,,,,,,,,,
Mari Fernandez,2,Brazil,,,,,,,,,
Maroon 5,2,United States of America,,,,,,,,,
Mc Pedrinho,2,Brazil,,,,,,,,,
Michael Buble,2,Canada,,,,,,,,,
Miley Cyrus,2,United States of America,,,,,,,,,
Muni Long,2,United States of America,,,,,,,,,
NICKI NICOLE,2,Italy,,,,,,,,,
NLE Choppa,2,United States of America,,,,,,,,,
Nat King Cole,2,United States of America,,,,,,,,,
Nengo Flow,2,Puerto Rico,,,,,,,,,
Nile Rodgers,2,United States of America,,,,,,,,,
Nirvana,2,United States of America,,,,,,,,,
Offset,2,Italy,,,,,,,,,
OneRepublic,2,United States of America,,,,,,,,,
Ovy On The Drums,2,Colombia,,,,,,,,,
Peso P,2,Mexico,,,,,,,,, 
PinkPantheress,2,Japan,,,,,,,,,
Playboi Carti,2,United States of America,,,,,,,,,
Polo G,2,United States of America,,,,,,,,,
RAYE,2,Canada,,,,,,,,,
RM,2,South Korea,,,,,,,,,
Rihanna,2,United States of America,,,,,,,,,
Rosa Linn,2,Sweden,,,,,,,,,
Sean Paul,2,Jamaica,,,,,,,,,
Shekhar Ravjiani,2,India,,,,,,,,,
Sia,2,Australia,,,,,,,,,
Silk Sonic,2,Russia,,,,,,,,,
Sleepy hallow,2,United States of America,,,,,,,,,
Stephen Sanchez,2,Jamaica,,,,,,,,,
Stray Kids,2,Sweden,,,,,,,,,
Suga,2,South Korea,,,,,,,,,
TAEYANG,2,South Korea,,,,,,,,,
TWICE,2,South Korea,,,,,,,,,
Tate McRae,2,United States of America,,,,,,,,,
The Chainsmokers,2,United States of America,,,,,,,,,
ThxSoMch,2,Germany,,,,,,,,,
Troye Sivan,2,Australia,,,,,,,,,
Trueno,2,Japan,,,,,,,,,
Vishal Dadlani,2,India,,,,,,,,,
Vishal-Shekhar,2,India,,,,,,,,,
WizKid,2,Nigeria,,,,,,,,,
YEAT,2,France,,,,,,,,,
Yahritza Y Su Esencia,2,Mexico,,,,,,,,,
Yandel,2,Puerto Rico,,,,,,,,,
Yng Lvcas,2,Mexico,,,,,,,,,
d4vd,2,United States of America,,,,,,,,,
j-hope,2,Poland,,,,,,,,,
24kgoldn,1,New Zealand,,,,,,,,,
2Pac,1,United States of America,,,,,,,,,
347aidan,1,United Kingdom,,,,,,,,,
4*TOWN (From Disney and Pixarecos Turning Red),1,United States of America,,,,,,,,,
50 Cent,1,United States of America,,,,,,,,,
A Boogie Wit da Hoodie,1,United States of America,,,,,,,,,
A$AP Rocky,1,United States of America,,,,,,,,,
ACRAZE,1,United States of America,,,,,,,,,
AP Dhillon,1,India,,,,,,,,,
ARIZONATEARS,1,Belgium,,,,,,,,,
AX'EL,1,France,,,,,,,,,
Abhijay Sharma,1,India,,,,,,,,,
Abhir Hathi,1,Spain,,,,,,,,,
Adassa,1,Germany,,,,,,,,,
Aerosmith,1,United States of America,,,,,,,,,
AgroPlay,1,Brazil,,,,,,,,,
Aitana,1,Spain,,,,,,,,,
Aitch,1,United Kingdom,,,,,,,,,
Ak4:20,1,Argentina,,,,,,,,,
Alec Benjamin,1,United States of America,,,,,,,,,
Alejo,1,Argentina,,,,,,,,,
Alesso,1,Sweden,,,,,,,,,
Ali Sethi,1,Pakistan,,,,,,,,,
Alicia Keys,1,United States of America,,,,,,,,,
Altamash Faridi,1,United States of America,,,,,,,,,
Alvaro Diaz,1,Poland,,,,,,,,,
Amaarae,1,Ghana,,,,,,,,,
Amanda Reifer,1,Barbados,,,,,,,,,
Amitabha Bhattacharya,1,India,,,,,,,,,
Andy Williams,1,United Kingdom,,,,,,,,,
Angela Aguilar,1,Mexico,,,,,,,,,
Anggi Marito,1,Indonesia,,,,,,,,,
Anne-Marie,1,Germany,,,,,,,,,
AnnenMayKantereit,1,Germany,,,,,,,,,
Aqua,1,Italy,,,,,,,,,
Armani White,1,United States of America,,,,,,,,,
Ava,1,United States of America,,,,,,,,,
Aventura,1,United States of America,,,,,,,,,
Ayparia,1,India,,,,,,,,,
B. Swanson Quartet,1,United States of America,,,,,,,,,
BIGBANG,1,Norway,,,,,,,,,
BL,1,United States of America,,,,,,,,,
BLESSD,1,United States of America,,,,,,,,,
BYOR,1,United Kingdom,,,,,,,,,
Baby Rasta,1,United States of America,,,,,,,,,
Baby Tate,1,United States of America,,,,,,,,,
Bad B,1,United States of America,,,,,,,,,
Band Aid,1,United Kingdom,,,,,,,,,
Bco,1,Brazil,,,,,,,,,
Beach House,1,United States of America,,,,,,,,,
Beach Weather,1,United States of America,,,,,,,,,
Beam,1,United States of America,,,,,,,,,
Bebe Rexha,1,United States of America,,,,,,,,,
Becky Hill,1,United Kingdom,,,,,,,,,
Beele,1,Colombia,,,,,,,,,
Bejo,1,Spain,,,,,,,,,
Bellakath,1,Mexico,,,,,,,,, 
Benny Blanco,1,United States of America,,,,,,,,,
Benson Boone,1,Philippines,,,,,,,,,
Beth Gibbons,1,United Kingdom,,,,,,,,,
Bianca,1,Italy,,,,,,,,,
Bing Crosby,1,United States of America,,,,,,,,,
Black Eyed Peas,1,United States of America,,,,,,,,,
Blackbear,1,United States of America,,,,,,,,,
Blake Shelton,1,United States of America,,,,,,,,,
Blanco,1,United States of America,,,,,,,,,
Blxst,1,United States of America,,,,,,,,,
Bobby Helms,1,United States of America,,,,,,,,,
Bomba Estereo,1,Colombia,,,,,,,,,
Bradley Cooper,1,United States of America,,,,,,,,,
Brenda Lee,1,United States of America,,,,,,,,,
Brray,1,Puerto Rico,,,,,,,,,
Burl Ives,1,United States of America,,,,,,,,,
Buscabulla,1,Puerto Rico,,,,,,,,,
Bvga Beatz,1,United States of America,,,,,,,,,
C. Tangana,1,Austria,,,,,,,,,
Calum Scott,1,United Kingdom,,,,,,,,,
Caralisa Monteiro,1,India,,,,,,,,,
Cardi B,1,United States of America,,,,,,,,,
Carolina Gaitan,1,Colombia,,,,,,,,,
Cartel De Santa,1,United Kingdom,,,,,,,,,
Chanel,1,Spain,,,,,,,,,
Charli XCX,1,United Kingdom,,,,,,,,,
Chase Atlantic,1,Australia,,,,,,,,,
Chefin,1,Brazil,,,,,,,,,
Cherish,1,United States of America,,,,,,,,,
Childish Gambino,1,United States of America,,,,,,,,,
Chris Jedi,1,United States of America,,,,,,,,,
Chris Molitor,1,Germany,,,,,,,,,
Chris Rea,1,United Kingdom,,,,,,,,,
Christian Nodal,1,United Kingdom,,,,,,,,,
Chuck Berry,1,United States of America,,,,,,,,,
Cigarettes After Sex,1,United States of America,,,,,,,,,
Colde,1,South Korea,,,,,,,,,
Colin Hay,1,Australia,,,,,,,,,
Conan Gray,1,United States of America,,,,,,,,,
Coolio,1,United States of America,,,,,,,,,
Creedence Clearwater Revival,1,United States of America,,,,,,,,,
Cruz Cafune,1,Spain,,,,,,,,,
DJ 900,1,Brazil,,,,,,,,,
DJ Biel do Furduncinho,1,Brazil,,,,,,,,,
DJ Escobar,1,Brazil,,,,,,,,,
DJ Khaled,1,United States of America,,,,,,,,,
DJ Matt D,1,Brazil,,,,,,,,,
DJ R,1,Brazil,,,,,,,,,
DJ Win,1,Brazil,,,,,,,,,
DaBaby,1,United States of America,,,,,,,,,
Dalex,1,United States of America,,,,,,,,,
Daniel Caesar,1,Canada,,,,,,,,,
Danny Ocean,1,Germany,,,,,,,,,
Darlene Love,1,United States of America,,,,,,,,,
Davi K,1,Brazil,,,,,,,,,
Dazy,1,United Kingdom,,,,,,,,,
Dean Lewis,1,Australia,,,,,,,,,
Dean Martin,1,United States of America,,,,,,,,,
Demi Lovato,1,United States of America,,,,,,,,,
Dido,1,United Kingdom,,,,,,,,,
Dimelo Flow,1,Panama,,,,,,,,,
Dina Rae,1,United States of America,,,,,,,,,
Dj Chris No Beat,1,Brazil,,,,,,,,,
Dj Gabriel do Borel,1,Brazil,,,,,,,,,
Dj LK da Escecia,1,Brazil,,,,,,,,,
Dj Yo!,1,Germany,,,,,,,,,
Doechii,1,United States of America,,,,,,,,,
Don Omar,1,United States of America,,,,,,,,,
Dopamine,1,China,,,,,,,,,
Dove Cameron,1,United States of America,,,,,,,,,
Duncan Laurence,1,Latvia,,,,,,,,,
El Chachito,1,Unknown,,,,,,,,,
Eladio Carrion,1,Belgium,,,,,,,,,
Eliza Rose,1,United Kingdom,,,,,,,,,
Ella Henderson,1,United Kingdom,,,,,,,,,
Elley Duho,1,United States of America,,,,,,,,,
Ellie Goulding,1,United Kingdom,,,,,,,,,
Emilia,1,Canada,,,,,,,,,
Emmy Meli,1,United States of America,,,,,,,,,
Eric Church,1,United States of America,,,,,,,,,
Eslabon Armado,1,Brazil,,,,,,,,,
FIFA Sound,1,Unknown,,,,,,,,,
Farruko,1,United States of America,,,,,,,,,
Finneas O'Connell,1,United States of America,,,,,,,,,
Fireboy DML,1,Nigeria,,,,,,,,,
Fivio Foreign,1,United States of America,,,,,,,,,
Flowdan,1,United Kingdom,,,,,,,,,
Foudeqush,1,Mexico,,,,,,,,,
Fran C,1,Chile,,,,,,,,,
Fred again..,1,Ireland,,,,,,,,,
Freddie Dredd,1,Canada,,,,,,,,,
Fujii Kaze,1,Japan,,,,,,,,,
GODZZ__-,1,Unknown,,,,,,,,,
Gabry Ponte,1,Italy,,,,,,,,,
Gayle,1,United States of America,,,,,,,,,
George Henrique &,1,Brazil,,,,,,,,,
Ghost,1,Italy,,,,,,,,,
Ghostface Killah,1,United States of America,,,,,,,,,
Giant Rooks,1,Germany,,,,,,,,,
Glass Animals,1,United Kingdom,,,,,,,,,
Gorillaz,1,United Kingdom,,,,,,,,,
Gotye,1,Australia,,,,,,,,,
Grayson Vill,1,United States of America,,,,,,,,,
Guns N' Roses,1,United States of America,,,,,,,,,
Gurinder Gill,1,India,,,,,,,,,
Gustah,1,Brazil,,,,,,,,,
Gustavo Mioto,1,Austria,,,,,,,,,
Gwen Stefani,1,United States of America,,,,,,,,,
HA SUNG WOON,1,South Korea,,,,,,,,,
Hallie Coggins,1,United States of America,,,,,,,,,
Hozier,1,Ireland,,,,,,,,,
Hugo & G,1,Mexico,,,,,,,,,
Huilen Toledo,1,Brazil,,,,,,,,,
INTERWORLD,1,Germany,,,,,,,,,
IU,1,South Korea,,,,,,,,,
Iann Dior,1,United States of America,,,,,,,,,
Imanbek,1,United Kingdom,,,,,,,,,
Intense,1,United Kingdom,,,,,,,,,
Interplanetary Criminal,1,Germany,,,,,,,,,
JISOO,1,South Korea,,,,,,,,,
Jack Black,1,United States of America,,,,,,,,,
Jain,1,France,,,,,,,,,
James Blake,1,United Kingdom,,,,,,,,,
James Hype,1,United Kingdom,,,,,,,,,
Jason Derulo,1,United States of America,,,,,,,,,
Jay Rock,1,United States of America,,,,,,,,,
Jaymes Young,1,United States of America,,,,,,,,,
Jessi,1,South Korea,,,,,,,,,
Jessica Darrow,1,United States of America,,,,,,,,,
Jessie Reyez,1,Canada,,,,,,,,,
Jin,1,South Korea,,,,,,,,,
Jnr Choi,1,United Kingdom,,,,,,,,,
Joel Corry,1,United Kingdom,,,,,,,,,
John Lennon,1,United Kingdom,,,,,,,,,
John Scott Trotter & His Orchestra,1,United States of America,,,,,,,,,
Jonas Brothers,1,United States of America,,,,,,,,,
Jordan Fisher,1,United States of America,,,,,,,,,
Jose Felic,1,Puerto Rico,,,,,,,,,
Josh Levi,1,United States of America,,,,,,,,,
Juan Cruz Toledo,1,Argentina,,,,,,,,,
Juicy J,1,United States of America,,,,,,,,,
Julieta Venegas,1,Mexico,,,,,,,,,
Juseph,1,Germany,,,,,,,,,
Justin Timberlake,1,United States of America,,,,,,,,,
KALUSH,1,Ukraine,,,,,,,,,
Kaifi Khalil,1,Pakistan,,,,,,,,,
Kanii,1,United States of America,,,,,,,,,
Kar,1,Brazil,,,,,,,,,
Kate Bush,1,United Kingdom,,,,,,,,,
Katy Perry,1,United States of America,,,,,,,,,
KayBlack,1,Brazil,,,,,,,,,
Ke personajes,1,Japan,,,,,,,,,
Keane,1,United Kingdom,,,,,,,,,
Keisya Levronka,1,Indonesia,,,,,,,,,
Kelly Clarkson,1,United States of America,,,,,,,,,
Ken Darby Singers,1,United States of America,,,,,,,,,
Kenia OS,1,Japan,,,,,,,,,
Kenshi Yonezu,1,United States of America,,,,,,,,,
Kevin Gates,1,United States of America,,,,,,,,,
Kevin Kaarl,1,Mexico,,,,,,,,,
Kim Petras,1,United States of America,,,,,,,,,
Kimbra,1,New Zealand,,,,,,,,,
King,1,India,,,,,,,,,
Kordhell,1,United Kingdom,,,,,,,,,
Kyla,1,United Kingdom,,,,,,,,,
L-Gante,1,Argentina,,,,,,,,,
L.V.,1,United States of America,,,,,,,,,
L7nnon,1,Brazil,,,,,,,,,
LF System,1,United Kingdom,,,,,,,,,
LUM!X,1,Austria,,,,,,,,,
La Adictiva,1,Mexico,,,,,,,,,
La Joaqui,1,Argentina,,,,,,,,,
La Kelly,1,Argentina,,,,,,,,,
La Pantera,1,Mexico,,,,,,,,,
Lasso,1,Switzerland,,,,,,,,,
Latto,1,United States of America,,,,,,,,,
Leah Kate,1,United States of America,,,,,,,,,
Leo Santana,1,Brazil,,,,,,,,,
LiL CaKe,1,Argentina,,,,,,,,,
Libianca,1,United States of America,,,,,,,,,
Lil Tjay,1,United States of America,,,,,,,,,
Lil Yachty,1,United States of America,,,,,,,,,
Lizzy McAlpine,1,Netherlands,,,,,,,,,
Lord Huron,1,United States of America,,,,,,,,,
Loreen,1,Sweden,,,,,,,,,
Lost Frequencies,1,Belgium,,,,,,,,,
Love Funk,1,Brazil,,,,,,,,,
Luar La L,1,Puerto Rico,,,,,,,,,
Lucenzo,1,France,,,,,,,,,
Ludwig Goransson,1,Sweden,,,,,,,,,
Luesa Sonza,1,Brazil,,,,,,,,,
Luke Combs,1,United States of America,,,,,,,,,
Luude,1,Australia,,,,,,,,,
Lyanno,1,Puerto Rico,,,,,,,,,
M,1,France,,,,,,,,,
MC Caverinha,1,Brazil,,,,,,,,,
MC Frog,1,Brazil,,,,,,,,,
MC Kevin o Chris,1,Brazil,,,,,,,,,
MC MENOR HR,1,Brazil,,,,,,,,,
MC MENOR SG,1,Brazil,,,,,,,,,
MC Ryan SP,1,Brazil,,,,,,,,,
MC Tairon,1,Brazil,,,,,,,,,
MC Xenon,1,Brazil,,,,,,,,,
MNEK,1,United Kingdom,,,,,,,,,
Mabel Matiz,1,Turkey,,,,,,,,,
Mac DeMarco,1,Canada,,,,,,,,,
Macklemore,1,Germany,,,,,,,,,
Madonna,1,United States of America,,,,,,,,,
Mae Muller,1,United Kingdom,,,,,,,,,
Mae Stephens,1,United Kingdom,,,,,,,,,
Mahalini,1,Indonesia,,,,,,,,,
Mahmood,1,Italy,,,,,,,,,
Maiara &,1,Brazil,,,,,,,,,
Mainstreet,1,United Kingdom,,,,,,,,,
Maldy,1,United States of America,,,,,,,,,
Maluma,1,Colombia,,,,,,,,,
Marelia Mendo,1,Brazil,,,,,,,,,
Mariah Carey,1,United States of America,,,,,,,,,
Masked Wolf,1,Australia,,,,,,,,,
Matue,1,Brazil,,,,,,,,,
Matuo,1,Brazil,,,,,,,,,
Mauro Castillo,1,Colombia,,,,,,,,,
Mc Livinho,1,Brazil,,,,,,,,,
Mc Paiva ZS,1,Brazil,,,,,,,,,
Mc Vitin Da Igrejinha,1,Brazil,,,,,,,,,
Megan Thee Stallion,1,United States of America,,,,,,,,,
Meghan Trainor,1,United States of America,,,,,,,,,
Melanie Martinez,1,United States of America,,,,,,,,,
Melody,1,Brazil,,,,,,,,,
Mert Demir,1,Turkey,,,,,,,,,
Metallica,1,United States of America,,,,,,,,,
Miggy Dela Rosa,1,United Kingdom,,,,,,,,,
Migrantes,1,Argentina,,,,,,,,,
Miguel,1,United States of America,,,,,,,,,
Milo j,1,Argentina,,,,,,,,,
Mitchell Ayres & His Orchestra,1,United States of America,,,,,,,,,
Moliy,1,Ghana,,,,,,,,,
Mr.Kitty,1,United States of America,,,,,,,,,
Mufasa & Hypeman,1,United Kingdom,,,,,,,,,
Musical Youth,1,United Kingdom,,,,,,,,,
NAV,1,United Kingdom,,,,,,,,,
NEIKED,1,Sweden,,,,,,,,,
NF,1,United States of America,,,,,,,,,
NIKI,1,Estonia,,,,,,,,,
NMIXX,1,South Korea,,,,,,,,,
Nate Dogg,1,United States of America,,,,,,,,,
Nayeon,1,South Korea,,,,,,,,,
Neo B,1,Unknown,,,,,,,,,
Nessa Barrett,1,United States of America,,,,,,,,,
New West,1,Canada,,,,,,,,,
Niall Horan,1,Ireland,,,,,,,,,
Nickoog Clk,1,Chile,,,,,,,,,
Nicky Jam,1,United States of America,,,,,,,,,
Nicky Youre,1,United States of America,,,,,,,,,
Nico Valdi,1,Argentina,,,,,,,,,
Nightcrawlers,1,United Kingdom,,,,,,,,,
Nio Garcia,1,Puerto Rico,,,,,,,,,
Olga Merediz,1,United States of America,,,,,,,,,
Omar Apollo,1,United States of America,,,,,,,,,
One Direction,1,United Kingdom,,,,,,,,,
Os Gemeos da Putaria,1,Brazil,,,,,,,,,
Oscar Maydon,1,United Kingdom,,,,,,,,,
Oxlade,1,Nigeria,,,,,,,,,
P!nk,1,United States of America,,,,,,,,,
PR1ISVX,1,Unknown,,,,,,,,,
PSY,1,South Korea,,,,,,,,,
Pablito Pesadilla,1,Chile,,,,,,,,,
Paloma Faith,1,United Kingdom,,,,,,,,,
Paloma Mami,1,Chile,,,,,,,,,
Panic! At The Disco,1,United States of America,,,,,,,,,
Paul McCartney,1,United Kingdom,,,,,,,,,
Pedro Sampaio,1,Brazil,,,,,,,,,
Peggy Gou,1,Germany,,,,,,,,,
Perry Como,1,United States of America,,,,,,,,,
Phoebe Bridgers,1,United States of America,,,,,,,,,
Plan B,1,Slovenia,,,,,,,,,
PnB Rock,1,United States of America,,,,,,,,,
Pnau,1,Australia,,,,,,,,,
Prezioso,1,Italy,,,,,,,,,
Pritam,1,India,,,,,,,,,
Prod Malax,1,Unknown,,,,,,,,,
Project Pat,1,United States of America,,,,,,,,,
Queen,1,United Kingdom,,,,,,,,,
ROSALIA,1,Spain,,,,,,,,,
Radiohead,1,United Kingdom,,,,,,,,,
Raim Laode,1,Indonesia,,,,,,,,,
Ray Dalton,1,Sweden,,,,,,,,,
Rels B,1,Spain,,,,,,,,,
Rema,1,United Kingdom,,,,,,,,,
Residente,1,United States of America,,,,,,,,,
Rex Orange County,1,United Kingdom,,,,,,,,,
Rhenzy Feliz,1,United States of America,,,,,,,,,
Riar Saab,1,India,,,,,,,,,
Rich Music,1,United States of America,,,,,,,,,
Rich The Kid,1,United Kingdom,,,,,,,,,
Riton,1,United Kingdom,,,,,,,,,
Robi,1,Puerto Rico,,,,,,,,,
Robin Schulz,1,Germany,,,,,,,,,
Roddy Ricch,1,United States of America,,,,,,,,,
Roger,1,United States of America,,,,,,,,,
Roisee,1,Unknown,,,,,,,,,
Romeo Santos,1,United States of America,,,,,,,,,
Rosa Walton,1,United Kingdom,,,,,,,,,
Rusherking,1,Germany,,,,,,,,,
Ruth B.,1,Canada,,,,,,,,,
Rvssian,1,Jamaica,,,,,,,,,
Ryan Lewis,1,United States of America,,,,,,,,,
SALES,1,United States of America,,,,,,,,,
SEVENTEEN,1,South Korea,,,,,,,,,
Sabrina Carpenter,1,Japan,,,,,,,,,
Saiko,1,Chile,,,,,,,,,
Sam Dew,1,United States of America,,,,,,,,,
Sam Ryder,1,United Kingdom,,,,,,,,,
Sampha,1,United Kingdom,,,,,,,,,
Saweetie,1,United States of America,,,,,,,,,
Scherze,1,Unknown,,,,,,,,,
Seafret,1,United Kingdom,,,,,,,,,
Selena G,1,United States of America,,,,,,,,,
Selena Gomez,1,United States of America,,,,,,,,,
Shadab Faridi,1,India,,,,,,,,,
Shae Gill,1,Pakistan,,,,,,,,,
Shakin' Stevens,1,United Kingdom,,,,,,,,,
Shilpa Rao,1,India,,,,,,,,,
Shubh,1,India,,,,,,,,,
SiM,1,Japan,,,,,,,,,
Sidhu Moose Wala,1,France,,,,,,,,,
Simone Mendes,1,Austria,,,,,,,,,
Skrillex,1,United States of America,,,,,,,,,
Sky Rompiendo,1,Colombia,,,,,,,,,
Sofia Carson,1,Norway,,,,,,,,,
Sog,1,Unknown,,,,,,,,,
Southstar,1,Germany,,,,,,,,,
Standly,1,Chile,,,,,,,,,
Stars Music Chile,1,Chile,,,,,,,,,
Steve Aoki,1,United States of America,,,,,,,,,
Stromae,1,Belgium,,,,,,,,,
Styrx,1,Unknown,,,,,,,,,
Suki Waterhouse,1,Netherlands,,,,,,,,,
Sukriti Kakar,1,India,,,,,,,,,
Summer Walker,1,United Kingdom,,,,,,,,,
Supernova Ent,1,Estonia,,,,,,,,,
Surf Curse,1,United Kingdom,,,,,,,,,
Swedish House Mafia,1,Sweden,,,,,,,,,
THE ANXIETY,1,United States of America,,,,,,,,,
TOMORROW X TOGETHER,1,United Kingdom,,,,,,,,,
TV Girl,1,United States of America,,,,,,,,,
Taiu,1,Argentina,,,,,,,,,
Tanna Leone,1,United States of America,,,,,,,,,
Tate M,1,United States of America,,,,,,,,,
Taylour Paige,1,United States of America,,,,,,,,,
Tchakabum,1,Brazil,,,,,,,,,
Tears For Fears,1,United Kingdom,,,,,,,,,
Tems,1,Nigeria,,,,,,,,,
Tesla Jnr,1,Nigeria,,,,,,,,,
The Fontane Sisters,1,United States of America,,,,,,,,,
The Goo Goo Dolls,1,United States of America,,,,,,,,,
The Harlem Community Choir,1,United States of America,,,,,,,,,
The Killers,1,United States of America,,,,,,,,,
The Marias,1,United States of America,,,,,,,,,
The Plastic Ono Band,1,United Kingdom,,,,,,,,,
The Police,1,United Kingdom,,,,,,,,,
The Rare Occasions,1,United States of America,,,,,,,,,
The Ronettes,1,United States of America,,,,,,,,,
The Walters,1,Netherlands,,,,,,,,,
Thezth,1,Unknown,,,,,,,,,
Ticoo,1,Unknown,,,,,,,,,
Toian,1,Jamaica,,,,,,,,,
Tom Odell,1,United Kingdom,,,,,,,,,
Tones and I,1,Australia,,,,,,,,,
Tony Dize,1,United States of America,,,,,,,,,
Topher Ngo,1,United States of America,,,,,,,,,
Tory Lanez,1,Canada,,,,,,,,,
Treasure,1,United Kingdom,,,,,,,,,
Treyce,1,Brazil,,,,,,,,,
Tulus,1,Finland,,,,,,,,,
Twisted,1,Unknown,,,,,,,,,
Tyga,1,United States of America,,,,,,,,,
Tyler Cole,1,United States of America,,,,,,,,,
Ugly Dray,1,Unknown,,,,,,,,,
V,1,South Korea,,,,,,,,,
Vance Joy,1,Australia,,,,,,,,,
Varun Jain,1,India,,,,,,,,,
Veigh,1,Brazil,,,,,,,,,
Victor Cibrian,1,Mexico,,,,,,,,,
Villano Antillano,1,Estonia,,,,,,,,,
Vundabar,1,United States of America,,,,,,,,,
Wham!,1,United Kingdom,,,,,,,,,
Wisin & Yandel,1,United States of America,,,,,,,,,
Wiu,1,Brazil,,,,,,,,,
Wiz Khalifa,1,United States of America,,,,,,,,,
Xame,1,Unknown,,,,,,,,,
Yoko Ono,1,United States of America,,,,,,,,,
Young Miko,1,Puerto Rico,,,,,,,,,
Yung Gravy,1,Denmark,,,,,,,,,
Yung Lean,1,Sweden,,,,,,,,,
Yuridia,1,Mexico,,,,,,,,,
Zach Bryan,1,Spain,,,,,,,,,
Zakaria,1,Unknown,,,,,,,,,
Ze Fe,1,Brazil,,,,,,,,,
Ze Neto & Crist,1,Brazil,,,,,,,,,
Zendaya,1,United States of America,,,,,,,,,
Zion & Lennox,1,United States of America,,,,,,,,,
a-ha,1,Norway,,,,,,,,,
dennis,1,Brazil,,,,,,,,,
girl in red,1,Norway,,,,,,,,,
mc jhenny,1,Brazil,,,,,,,,,
sped up 8282,1,Unknown,,,,,,,,,
sped up nightcore,1,Norway,,,,,,,,,
teto,1,Brazil,,,,,,,,,
unxbected,1,Unknown,,,,,,,,,
utku INC,1,Turkey,,,,,,,,,
zzoilo,1,Spain,,,,,,,,,
